TS-1	S.lyc B TS-1
TS-10	S.lyc B TS-10
TS-100	S.lyc B TS-100
TS-101	S.lyc B TS-101
TS-102	S.lyc B TS-102
TS-103	S.lyc B TS-103
TS-104	S.lyc B TS-104
TS-108	S.lyc B TS-108
TS-11	S.lyc B TS-11
TS-110	S.lyc B TS-110
TS-111	S.lyc B TS-111
TS-112	S.lyc B TS-112
TS-113	S.lyc B TS-113
TS-114	S.lyc B TS-114
TS-115	S.lyc B TS-115
TS-117	S.lyc B TS-117
TS-12	S.lyc B TS-12
TS-121	S.lyc B TS-121
TS-122	S.lyc B TS-122
TS-125	S.lyc B TS-125
TS-126	S.lyc B TS-126
TS-127	S.lyc B TS-127
TS-128	S.lyc B TS-128
TS-130	S.lyc B TS-130
TS-132	S.lyc B TS-132
TS-133	S.lyc B TS-133
TS-135	S.lyc B TS-135
TS-136	S.lyc B TS-136
TS-137	S.lyc B TS-137
TS-139	S.lyc B TS-139
TS-140	S.lyc B TS-140
TS-141	S.lyc B TS-141
TS-142	S.lyc B TS-142
TS-143	S.lyc B TS-143
TS-147	S.lyc B TS-147
TS-150	S.lyc B TS-150
TS-151	S.lyc B TS-151
TS-152	S.lyc B TS-152
TS-153	S.lyc B TS-153
TS-155	S.lyc B TS-155
TS-157	S.lyc B TS-157
TS-159	S.lyc B TS-159
TS-160	S.lyc B TS-160
TS-161	S.lyc B TS-161
TS-162	S.lyc B TS-162
TS-163	S.lyc B TS-163
TS-166	S.lyc B TS-166
TS-167	S.lyc B TS-167
TS-168	S.lyc B TS-168
TS-169	S.lyc B TS-169
TS-170	S.lyc B TS-170
TS-171	S.lyc B TS-171
TS-172	S.lyc B TS-172
TS-173	S.lyc B TS-173
TS-174	S.lyc B TS-174
TS-175	S.lyc B TS-175
TS-176	S.lyc B TS-176
TS-177	S.lyc B TS-177
TS-178	S.lyc B TS-178
TS-179	S.lyc B TS-179
TS-180	S.lyc B TS-180
TS-183	S.lyc B TS-183
TS-184	S.lyc B TS-184
TS-185	S.lyc B TS-185
TS-186	S.lyc B TS-186
TS-188	S.lyc B TS-188
TS-190	S.lyc B TS-190
TS-191	S.lyc B TS-191
TS-192	S.lyc B TS-192
TS-193	S.lyc B TS-193
TS-194	S.lyc B TS-194
TS-195	S.lyc B TS-195
TS-196	S.lyc B TS-196
TS-197	S.lyc B TS-197
TS-198	S.lyc B TS-198
TS-2	S.lyc B TS-2
TS-200	S.lyc B TS-200
TS-201	S.lyc B TS-201
TS-203	S.lyc B TS-203
TS-204	S.lyc B TS-204
TS-206	S.lyc B TS-206
TS-210	S.lyc B TS-210
TS-211	S.lyc B TS-211
TS-212	S.lyc B TS-212
TS-214	S.lyc B TS-214
TS-215	S.lyc B TS-215
TS-218	S.lyc B TS-218
TS-220	S.lyc B TS-220
TS-224	S.lyc B TS-224
TS-225	S.lyc B TS-225
TS-226	S.lyc B TS-226
TS-228	S.lyc B TS-228
TS-232	S.lyc B TS-232
TS-234	S.lyc B TS-234
TS-235	S.lyc B TS-235
TS-236	S.lyc B TS-236
TS-237	S.lyc B TS-237
TS-239	S.lyc B TS-239
TS-241	S.lyc B TS-241
TS-242	S.lyc B TS-242
TS-245	S.lyc B TS-245
TS-246	S.lyc B TS-246
TS-249	S.lyc B TS-249
TS-251	S.lyc B TS-251
TS-253	S.lyc B TS-253
TS-255	S.lyc B TS-255
TS-256	S.lyc B TS-256
TS-259	S.lyc B TS-259
TS-261	S.lyc B TS-261
TS-263	S.lyc B TS-263
TS-264	S.lyc B TS-264
TS-268	S.lyc B TS-268
TS-269	S.lyc B TS-269
TS-270	S.lyc B TS-270
TS-272	S.lyc B TS-272
TS-274	S.lyc B TS-274
TS-275	S.lyc B TS-275
TS-276	S.lyc B TS-276
TS-277	S.lyc B TS-277
TS-278	S.lyc B TS-278
TS-282	S.lyc B TS-282
TS-285	S.lyc B TS-285
TS-288	S.lyc B TS-288
TS-292	S.lyc B TS-292
TS-293	S.lyc B TS-293
TS-296	S.lyc B TS-296
TS-297	S.lyc B TS-297
TS-3	S.lyc B TS-3
TS-4	S.lyc B TS-4
TS-400	S.lyc B TS-400
TS-401	S.lyc B TS-401
TS-409	S.lyc B TS-409
TS-41	S.lyc B TS-41
TS-42	S.lyc B TS-42
TS-43	S.lyc B TS-43
TS-44	S.lyc B TS-44
TS-45	S.lyc B TS-45
TS-46	S.lyc B TS-46
TS-47	S.lyc B TS-47
TS-48	S.lyc B TS-48
TS-49	S.lyc B TS-49
TS-5	S.lyc B TS-5
TS-51	S.lyc B TS-51
TS-52	S.lyc B TS-52
TS-55	S.lyc B TS-55
TS-58	S.lyc B TS-58
TS-59	S.lyc B TS-59
TS-6	S.lyc B TS-6
TS-60	S.lyc B TS-60
TS-68	S.lyc B TS-68
TS-69	S.lyc B TS-69
TS-7	S.lyc B TS-7
TS-73	S.lyc B TS-73
TS-74	S.lyc B TS-74
TS-76	S.lyc B TS-76
TS-78	S.lyc B TS-78
TS-8	S.lyc B TS-8
TS-80	S.lyc B TS-80
TS-81	S.lyc B TS-81
TS-82	S.lyc B TS-82
TS-85	S.lyc B TS-85
TS-86	S.lyc B TS-86
TS-88	S.lyc B TS-88
TS-89	S.lyc B TS-89
TS-9	S.lyc B TS-9
TS-90	S.lyc B TS-90
TS-93	S.lyc B TS-93
TS-95	S.lyc B TS-95
TS-105	S.lyc C TS-105
TS-106	S.lyc C TS-106
TS-107	S.lyc C TS-107
TS-109	S.lyc C TS-109
TS-116	S.lyc C TS-116
TS-118	S.lyc C TS-118
TS-119	S.lyc C TS-119
TS-120	S.lyc C TS-120
TS-129	S.lyc C TS-129
TS-13	S.lyc C TS-13
TS-131	S.lyc C TS-131
TS-134	S.lyc C TS-134
TS-138	S.lyc C TS-138
TS-148	S.lyc C TS-148
TS-149	S.lyc C TS-149
TS-154	S.lyc C TS-154
TS-158	S.lyc C TS-158
TS-165	S.lyc C TS-165
TS-181	S.lyc C TS-181
TS-187	S.lyc C TS-187
TS-189	S.lyc C TS-189
TS-202	S.lyc C TS-202
TS-205	S.lyc C TS-205
TS-209	S.lyc C TS-209
TS-213	S.lyc C TS-213
TS-216	S.lyc C TS-216
TS-219	S.lyc C TS-219
TS-221	S.lyc C TS-221
TS-223	S.lyc C TS-223
TS-227	S.lyc C TS-227
TS-229	S.lyc C TS-229
TS-230	S.lyc C TS-230
TS-231	S.lyc C TS-231
TS-233	S.lyc C TS-233
TS-238	S.lyc C TS-238
TS-240	S.lyc C TS-240
TS-243	S.lyc C TS-243
TS-247	S.lyc C TS-247
TS-248	S.lyc C TS-248
TS-25	S.lyc C TS-25
TS-250	S.lyc C TS-250
TS-252	S.lyc C TS-252
TS-254	S.lyc C TS-254
TS-257	S.lyc C TS-257
TS-258	S.lyc C TS-258
TS-26	S.lyc C TS-26
TS-260	S.lyc C TS-260
TS-262	S.lyc C TS-262
TS-27	S.lyc C TS-27
TS-271	S.lyc C TS-271
TS-273	S.lyc C TS-273
TS-28	S.lyc C TS-28
TS-280	S.lyc C TS-280
TS-281	S.lyc C TS-281
TS-283	S.lyc C TS-283
TS-284	S.lyc C TS-284
TS-286	S.lyc C TS-286
TS-287	S.lyc C TS-287
TS-289	S.lyc C TS-289
TS-29	S.lyc C TS-29
TS-290	S.lyc C TS-290
TS-294	S.lyc C TS-294
TS-295	S.lyc C TS-295
TS-298	S.lyc C TS-298
TS-299	S.lyc C TS-299
TS-30	S.lyc C TS-30
TS-300	S.lyc C TS-300
TS-301	S.lyc C TS-301
TS-302	S.lyc C TS-302
TS-303	S.lyc C TS-303
TS-304	S.lyc C TS-304
TS-31	S.lyc C TS-31
TS-32	S.lyc C TS-32
TS-33	S.lyc C TS-33
TS-34	S.lyc C TS-34
TS-35	S.lyc C TS-35
TS-36	S.lyc C TS-36
TS-37	S.lyc C TS-37
TS-38	S.lyc C TS-38
TS-39	S.lyc C TS-39
TS-40	S.lyc C TS-40
TS-423	S.lyc C TS-423
TS-426	S.lyc C TS-426
TS-427	S.lyc C TS-427
TS-428	S.lyc C TS-428
TS-430	S.lyc C TS-430
TS-431	S.lyc C TS-431
TS-436	S.lyc C TS-436
TS-53	S.lyc C TS-53
TS-54	S.lyc C TS-54
TS-56	S.lyc C TS-56
TS-57	S.lyc C TS-57
TS-61	S.lyc C TS-61
TS-62	S.lyc C TS-62
TS-63	S.lyc C TS-63
TS-64	S.lyc C TS-64
TS-65	S.lyc C TS-65
TS-66	S.lyc C TS-66
TS-67	S.lyc C TS-67
TS-70	S.lyc C TS-70
TS-71	S.lyc C TS-71
TS-72	S.lyc C TS-72
TS-75	S.lyc C TS-75
TS-83	S.lyc C TS-83
TS-84	S.lyc C TS-84
TS-87	S.lyc C TS-87
TS-91	S.lyc C TS-91
TS-94	S.lyc C TS-94
TS-96	S.lyc C TS-96
TS-97	S.lyc C TS-97
TS-98	S.lyc C TS-98
TS-99	S.lyc C TS-99
TS-305	S.lyc F1 TS-305
TS-306	S.lyc F1 TS-306
TS-307	S.lyc F1 TS-307
TS-308	S.lyc F1 TS-308
TS-309	S.lyc F1 TS-309
TS-310	S.lyc F1 TS-310
TS-311	S.lyc F1 TS-311
TS-312	S.lyc F1 TS-312
TS-313	S.lyc F1 TS-313
TS-314	S.lyc F1 TS-314
TS-315	S.lyc F1 TS-315
TS-316	S.lyc F1 TS-316
TS-317	S.lyc F1 TS-317
TS-318	S.lyc F1 TS-318
TS-319	S.lyc F1 TS-319
TS-320	S.lyc F1 TS-320
TS-321	S.lyc F1 TS-321
TS-123	S.pim P TS-123
TS-124	S.pim P TS-124
TS-14	S.pim P TS-14
TS-144	S.pim P TS-144
TS-145	S.pim P TS-145
TS-15	S.pim P TS-15
TS-156	S.pim P TS-156
TS-16	S.pim P TS-16
TS-164	S.pim P TS-164
TS-17	S.pim P TS-17
TS-18	S.pim P TS-18
TS-182	S.pim P TS-182
TS-19	S.pim P TS-19
TS-20	S.pim P TS-20
TS-21	S.pim P TS-21
TS-22	S.pim P TS-22
TS-222	S.pim P TS-222
TS-23	S.pim P TS-23
TS-24	S.pim P TS-24
TS-244	S.pim P TS-244
TS-265	S.pim P TS-265
TS-266	S.pim P TS-266
TS-267	S.pim P TS-267
TS-291	S.pim P TS-291
TS-410	S.pim P TS-410
TS-411	S.pim P TS-411
TS-412	S.pim P TS-412
TS-413	S.pim P TS-413
TS-414	S.pim P TS-414
TS-415	S.pim P TS-415
TS-416	S.pim P TS-416
TS-417	S.pim P TS-417
TS-418	S.pim P TS-418
TS-419	S.pim P TS-419
TS-420	S.pim P TS-420
TS-421	S.pim P TS-421
TS-422	S.pim P TS-422
TS-424	S.pim P TS-424
TS-425	S.pim P TS-425
TS-429	S.pim P TS-429
TS-432	S.pim P TS-432
TS-433	S.pim P TS-433
TS-434	S.pim P TS-434
TS-435	S.pim P TS-435
TS-437	S.pim P TS-437
TS-438	S.pim P TS-438
TS-439	S.pim P TS-439
TS-440	S.pim P TS-440
TS-441	S.pim P TS-441
TS-50	S.pim P TS-50
TS-77	S.pim P TS-77
TS-79	S.pim P TS-79
TS-92	S.pim P TS-92
TS-146	S.neo W TS-146
TS-199	S.che W TS-199
TS-207	S.che W TS-207
TS-208	S.gal W TS-208
TS-217	S.che W TS-217
TS-402	S.per W TS-402
TS-403	S.per W TS-403
TS-404	S.per W TS-404
TS-407	S.hab W TS-407
TS-408	S.chi W TS-408
/panfs/ANIMAL/group001/minjiumeng/tomato_reseq/SZAXPI008746-45	S.lyc LA2706
/ifshk5/PC_PA_EU/PMO/Tomato_reseq/01.BWA/SZAXPI009284-57	S.lyc LA2838A
/ifshk5/PC_PA_EU/PMO/Tomato_reseq/01.BWA/SZAXPI009285-62	S.lyc PI406760
/ifshk5/PC_PA_EU/PMO/Tomato_reseq/01.BWA/SZAXPI009286-74	S.lyc LA1090
/ifshk5/PC_PA_EU/PMO/Tomato_reseq/01.BWA/SZAXPI009287-75	S.lyc EA00325
/ifshk5/PC_PA_EU/PMO/Tomato_reseq/01.BWA/SZAXPI009288-79	S.lyc EA00488
/ifshk5/PC_PA_EU/PMO/Tomato_reseq/01.BWA/SZAXPI009289-84	S.lyc EA00375
/ifshk5/PC_PA_EU/PMO/Tomato_reseq/01.BWA/SZAXPI009290-87	S.lyc EA00371
/ifshk5/PC_PA_EU/PMO/Tomato_reseq/01.BWA/SZAXPI009291-88	S.lyc LYC1365
/ifshk5/PC_PA_EU/PMO/Tomato_reseq/01.BWA/SZAXPI009292-89	S.lyc LYC1969
/ifshk5/PC_PA_EU/PMO/Tomato_reseq/01.BWA/SZAXPI009293-90	S.lyc LYC3897
/ifshk5/PC_PA_EU/PMO/Tomato_reseq/01.BWA/SZAXPI009294-93	S.lyc LYC3476
/ifshk5/PC_PA_EU/PMO/Tomato_reseq/01.BWA/SZAXPI009295-94	S.lyc TR00003
/ifshk5/PC_PA_EU/PMO/Tomato_reseq/01.BWA/SZAXPI009296-95	S.lyc CGN15464
/ifshk5/PC_PA_EU/PMO/Tomato_reseq/01.BWA/SZAXPI009297-102	S.lyc LYC3340
/ifshk5/PC_PA_EU/PMO/Tomato_reseq/01.BWA/SZAXPI009298-108	S.lyc EA01155
/ifshk5/PC_PA_EU/PMO/Tomato_reseq/01.BWA/SZAXPI009299-109	S.lyc EA01049
/ifshk5/PC_PA_EU/PMO/Tomato_reseq/01.BWA/SZAXPI009300-113	S.lyc LYC3153
/ifshk5/PC_PA_EU/PMO/Tomato_reseq/01.BWA/SZAXPI009301-123	S.lyc LYC3155
/ifshk5/PC_PA_EU/PMO/Tomato_reseq/01.BWA/SZAXPI009302-129	S.lyc PI129097
/ifshk5/PC_PA_EU/PMO/Tomato_reseq/01.BWA/SZAXPI009303-133	S.lyc PI272654
/ifshk5/PC_PA_EU/PMO/Tomato_reseq/01.BWA/SZAXPI009304-136	S.lyc EA00990
/ifshk5/PC_PA_EU/PMO/Tomato_reseq/01.BWA/SZAXPI009305-140	S.cor LA0118
/ifshk5/PC_PA_EU/PMO/Tomato_reseq/01.BWA/SZAXPI009306-142	S.lyc EA00157
/ifshk5/PC_PA_EU/PMO/Tomato_reseq/01.BWA/SZAXPI009307-158	S.lyc CGN20815
/ifshk5/PC_PA_EU/PMO/Tomato_reseq/01.BWA/SZAXPI009308-166	S.lyc PI303721
/ifshk5/PC_PA_EU/PMO/Tomato_reseq/01.BWA/SZAXPI009309-169	S.lyc EA00027
/ifshk5/PC_PA_EU/PMO/Tomato_reseq/01.BWA/SZAXPI009310-62	S.lyc V710092
/ifshk5/PC_PA_EU/PMO/Tomato_reseq/01.BWA/SZAXPI009311-74	S.lyc PC711092
/ifshk5/PC_PA_EU/PMO/Tomato_reseq/01.BWA/SZAXPI009312-75	S.lyc PI93302
/ifshk5/PC_PA_EU/PMO/Tomato_reseq/01.BWA/SZAXPI009313-79	S.lyc SG16
/ifshk5/PC_PA_EU/PMO/Tomato_reseq/01.BWA/SZAXPI009314-84	S.lyc EA01088
/ifshk5/PC_PA_EU/PMO/Tomato_reseq/01.BWA/SZAXPI009315-87	S.lyc PI203232
/ifshk5/PC_PA_EU/PMO/Tomato_reseq/01.BWA/SZAXPI009316-88	S.lyc PI311117
/panfs/ANIMAL/group001/minjiumeng/tomato_reseq/SZAXPI008747-46	S.lyc LA1314
/ifshk5/PC_PA_EU/PMO/Tomato_reseq/01.BWA/SZAXPI009317-89	S.lyc PI158760
/ifshk5/PC_PA_EU/PMO/Tomato_reseq/01.BWA/SZAXPI009318-90	S.lyc LA0113
/ifshk5/PC_PA_EU/PMO/Tomato_reseq/01.BWA/SZAXPI009319-93	S.lyc LYC1410
/ifshk5/PC_PA_EU/PMO/Tomato_reseq/01.BWA/SZAXPI009320-94	S.lyc PI169588
/ifshk5/PC_PA_EU/PMO/Tomato_reseq/01.BWA/SZAXPI009321-95	S.lyc LYC2962
/ifshk5/PC_PA_EU/PMO/Tomato_reseq/01.BWA/SZAXPI009322-102	S.lyc LYC2910
/ifshk5/PC_PA_EU/PMO/Tomato_reseq/01.BWA/SZAXPI009323-108	S.pim LYC2798
/ifshk5/PC_PA_EU/PMO/Tomato_reseq/01.BWA/SZAXPI009324-109	S.lyc LYC2740
/panfs/ANIMAL/group001/minjiumeng/tomato_reseq/SZAXPI008748-47	S.pim LA1584
/ifshk5/PC_PA_EU/PMO/Tomato_reseq/01.BWA/SZAXPI009326-113	S.pim LA1578
/ifshk5/PC_PA_EU/PMO/Tomato_reseq/01.BWA/SZAXPI009327-123	S.per LA1278
/ifshk5/PC_PA_EU/PMO/Tomato_reseq/01.BWA/SZAXPI009328-129	S.chm LA2663
/ifshk5/PC_PA_EU/PMO/Tomato_reseq/01.BWA/SZAXPI009329-133	S.chm LA2695
/ifshk5/PC_PA_EU/PMO/Tomato_reseq/01.BWA/SZAXPI009330-136	S.gal LA0483
/ifshk5/PC_PA_EU/PMO/Tomato_reseq/01.BWA/SZAXPI009331-140	S.lyc CGN15820
/ifshk5/PC_PA_EU/PMO/Tomato_reseq/01.BWA/SZAXPI009332-142	S.gal LA1401
/ifshk5/PC_PA_EU/PMO/Tomato_reseq/01.BWA/SZAXPI009333-158	S.neo LA2133
/ifshk5/PC_PA_EU/PMO/Tomato_reseq/01.BWA/SZAXPI009334-166	S.neo LA0735
/ifshk5/PC_PA_EU/PMO/Tomato_reseq/01.BWA/SZAXPI009359-46	S.arc LA2157
/ifshk5/PC_PA_EU/PMO/Tomato_reseq/01.BWA/SZAXPI009335-169	S.arc LA2172
/ifshk5/PC_PA_EU/PMO/Tomato_reseq/01.BWA/SZAXPI009336-14	S.per LA1954
/ifshk5/PC_PA_EU/PMO/Tomato_reseq/01.BWA/SZAXPI009337-15	S.hua LA1983
/ifshk5/PC_PA_EU/PMO/Tomato_reseq/01.BWA/SZAXPI009338-16-2	S.hua LA1365
/ifshk5/PC_PA_EU/PMO/Tomato_reseq/01.BWA/SZAXPI009339-17-2	S.chi CGN15532
/ifshk5/PC_PA_EU/PMO/Tomato_reseq/01.BWA/SZAXPI009340-18	S.chi CGN15530
/ifshk5/PC_PA_EU/PMO/Tomato_reseq/01.BWA/SZAXPI009341-19	S.hab CGN15791
/ifshk5/PC_PA_EU/PMO/Tomato_reseq/01.BWA/SZAXPI009342-21	S.hab PI134418
/ifshk5/PC_PA_EU/PMO/Tomato_reseq/01.BWA/SZAXPI009343-22-2	S.hab CGN15792
/ifshk5/PC_PA_EU/PMO/Tomato_reseq/01.BWA/SZAXPI009344-23	S.hab LA1718
/panfs/ANIMAL/group001/minjiumeng/tomato_reseq/SZAXPI008749-56	S.hab LA1777
/ifshk5/PC_PA_EU/PMO/Tomato_reseq/01.BWA/SZAXPI009345-24	S.hab LA0407
/panfs/ANIMAL/group001/minjiumeng/tomato_reseq/SZAXPI008752-75	S.hab LYC4
/ifshk5/PC_PA_EU/PMO/Tomato_reseq/01.BWA/SZAXPI009346-25	S.pen LA1272
/panfs/ANIMAL/group001/minjiumeng/tomato_reseq/SZAXPI008753-79	S.pen LA0716
/ifshk5/PC_PA_EU/PMO/Tomato_reseq/01.BWA/SZAXPI009347-26	S.hua LA1364
/ifshk5/PC_PA_EU/PMO/Tomato_reseq/01.BWA/SZAXPI009348-27	S.lyc TR00018
/ifshk5/PC_PA_EU/PMO/Tomato_reseq/01.BWA/SZAXPI009349-30	S.lyc EA00940
/ifshk5/PC_PA_EU/PMO/Tomato_reseq/01.BWA/SZAXPI009350-31	S.lyc TR00019
/ifshk5/PC_PA_EU/PMO/Tomato_reseq/01.BWA/SZAXPI009351-32	S.lyc EA01019
/ifshk5/PC_PA_EU/PMO/Tomato_reseq/01.BWA/SZAXPI009352-35	S.lyc TR00020
/ifshk5/PC_PA_EU/PMO/Tomato_reseq/01.BWA/SZAXPI009325-56	S.lyc EA01037
/ifshk5/PC_PA_EU/PMO/Tomato_reseq/01.BWA/SZAXPI009353-36	S.lyc TR00021
/panfs/ANIMAL/group001/minjiumeng/tomato_reseq/SZAXPI008750-57	S.lyc TR00022
/ifshk5/PC_PA_EU/PMO/Tomato_reseq/01.BWA/SZAXPI009354-37	S.lyc TR00023
/ifshk5/PC_PA_EU/PMO/Tomato_reseq/01.BWA/SZAXPI009355-39	S.lyc EA01640
/ifshk5/PC_PA_EU/PMO/Tomato_reseq/01.BWA/SZAXPI009356-41	S.lyc LA4133
/ifshk5/PC_PA_EU/PMO/Tomato_reseq/01.BWA/SZAXPI009357-44	S.lyc LA1421
/panfs/ANIMAL/group001/minjiumeng/tomato_reseq/SZAXPI008751-74	S.gal LA1044
/ifshk5/PC_PA_EU/PMO/Tomato_reseq/01.BWA/SZAXPI009358-45	S.lyc LA1479
